ppassingham0;mT5VT;49;dmugglestone0@usatoday.com
icornforth1;nM4eoY;57;wgaynor1@360.cn
matwood2;pV9@;52;abolitho2@simplemachines.org
vmosdell3;pE03S(E1;9;trozzier3@wired.com
lennever4;wR3j|r;44;gstoddard4@mail.ru
mkineton5;sT5E64+I;16;hhenworth5@gizmodo.com
bfallow6;pW5s%r;36;cskehan6@usatoday.com
tgouinlock7;oE2U;41;mbeumant7@bandcamp.com
vblagdon8;vP5SAxI};42;jrisen8@symantec.com
corniz9;sF2O;90;jgorbell9@google.com
dmoncastera;mJ3n*w%s;1;cjedrysika@barnesandnoble.com
djayneb;aJ16'hR;29;gpythonb@ow.ly
jcullinc;cG5r1*E;70;scunnowc@is.gd
efairfoulld;wR5<d;73;katcherleyd@imgur.com
mbuschere;cO1b;66;nmacrowe@linkedin.com
ekemberf;gQ8We3;95;rchippsf@tiny.cc
gblasig;iE8\;99;mshemmingg@cnbc.com
gviggersh;hF5X/;79;aragateh@businessweek.com
agreenieri;jK2dBK;36;scordalli@stanford.edu
pengehamj;rS8!sPu;46;ndoughertyj@sbwire.com
fmongaink;dF6_?Q;11;lsewartk@stumbleupon.com
cgarfordl;aS5I;9;clangstonel@bandcamp.com
sewensm;zX0O@li;19;cmabbm@bloomberg.com
fshiren;fV9TX;59;hchaffern@thetimes.co.uk
cstorero;bT4NdU;79;kvankovo@hhs.gov
zlinnemanp;hV9<&;7;tshervilp@loc.gov
pkilminsterq;bI5uyM3+;50;ljakewayq@mapy.cz
tsinkr;uD9p*D&#;23;rstanneringr@who.int
dwathalls;qA45g._;69;ireisks@webmd.com
nlivseyt;xJ808E;24;ksillarst@sohu.com
lcordsenu;zU2Q|OG_;68;gtallentu@spotify.com
ishowerv;aK7Q;96;bhachev@tuttocitta.it
lwestgarthw;uX0YT1;21;rbroggiow@addtoany.com
cswitlandx;uE6B%};36;tbesnardeaux@wikia.com
gtredgery;qC9a45*;24;dbrazily@bbc.co.uk
kpettengellz;kW2Vhb;35;rsarjeantz@unicef.org
shansley10;pU06Sm;50;gdukes10@dell.com
awhitney11;kB98;48;jspurdle11@cbslocal.com
lcritchley12;pX7aG0JZ;11;ipailin12@icio.us
sswann13;aZ8`3@;38;kportwaine13@samsung.com
gvarren14;aW7J+U/;23;cnorcott14@4shared.com
osynan15;mL3S<;56;emattersley15@cpanel.net
igraver16;fK0D;18;bwilson16@sbwire.com
apaulusch17;tA7!;80;sproschke17@goo.gl
jlathom18;tH3.2P;80;dwoolley18@constantcontact.com
slaweles19;rE2Oh;6;eartus19@gov.uk
nfearby1a;xK1a/;32;vkuschke1a@paginegialle.it
amcgirr1b;"zV5R""09";76;polfert1b@desdev.cn
lmidford1c;qA9p\v;83;ppietrasik1c@webnode.com
tmaymand1d;hJ6o9Gf;99;cpassey1d@cbslocal.com
jambrozik1e;wR06|$;54;kruusa1e@nba.com
kwithull1f;sN21u?.);65;skarpychev1f@altervista.org
mtoseland1g;iD4j'_)q;8;cflemyng1g@devhub.com
kscholard1h;xI0(1;0;pbaack1h@unesco.org
wsimms1i;cD2L;9;sthrush1i@symantec.com
mbebbington1j;eZ9_;43;achallener1j@jiathis.com
cheeks1k;qZ6Vfe;79;whuckin1k@loc.gov
clillow1l;"zP2*#X""d";90;oeby1l@godaddy.com
edumbrall1m;gU1N@,E;100;rcandey1m@gizmodo.com
mbraddick1n;oP3X{#7<;17;jkytley1n@goo.gl
arudolph1o;"fS6""BZO7";58;nantonopoulos1o@chron.com
lgeraudy1p;qY2d1=?;59;sethelstone1p@gov.uk
eguillond1q;iC02;66;dhearnshaw1q@alexa.com
sjahnisch1r;hX2PO=E/;22;rdebischof1r@csmonitor.com
prosita1s;tF1L5r8;2;rnodin1s@netlog.com
cabeles1t;gF0VJ1;75;mpaff1t@wikia.com
swallenger1u;mS3&E;31;bmerfin1u@drupal.org
bgadesby1v;wX1Fw1;23;dbrownlea1v@issuu.com
djennery1w;"iG6""qKs";97;jlaurand1w@pen.io
zjedraszczyk1x;jG0eF>=\;61;gpegram1x@earthlink.net
agrassi1y;dV4~fLcd;74;gdoucette1y@comcast.net
sobrollachain1z;xT1@RyrD;13;ascarf1z@discuz.net
hopie20;gX0EP$)Y;3;ipenhallurick20@mayoclinic.com
ycurtois21;aM6#!69d;76;efoot21@theguardian.com
aceeley22;mC7.p;66;mtwentyman22@privacy.gov.au
wrolfe23;hY99;99;ejura23@bizjournals.com
pbryceson24;xG6<dO1;45;sbraysher24@washingtonpost.com
dlabadini25;pI6k;27;bhargroves25@spiegel.de
ldocwra26;eT6(jp;97;fdonnelly26@mayoclinic.com
dmeaney27;uV8R2;77;bpurchall27@netlog.com
bgodwin28;gU6C;80;htandy28@geocities.jp
lgascoigne29;cC4SM;53;apyford29@bandcamp.com
bmcbrearty2a;iH9l%l5P;23;fbroadhead2a@chicagotribune.com
smaccrae2b;jA0a;69;eroskell2b@nhs.uk
abeeken2c;vL7I;89;rfarmery2c@google.ru
chutchens2d;gW0+\;26;aricson2d@yandex.ru
hackenhead2e;mY6=;9;rtamlett2e@infoseek.co.jp
eebbutt2f;fD7%;88;lkornilyev2f@ezinearticles.com
ahurd2g;lY4sv;97;gmardy2g@wikimedia.org
tpellew2h;nG3TRZj;41;jbickmore2h@hp.com
ipascho2i;zC2fLHX;77;hsnedden2i@ca.gov
tseydlitz2j;aF12dA;12;kgepp2j@purevolume.com
dbraunston2k;hS4Y&lep;59;jcicutto2k@eventbrite.com
hpechet2l;sY5}_R;92;ichapple2l@who.int
fmcquade2m;sQ1$F3?;68;lbooth2m@deliciousdays.com
jtowhey2n;kP4<%;14;sreubel2n@ycombinator.com
dveregan2o;"oV3B""PxA";59;hpreto2o@csmonitor.com
nskedge2p;rH5ta#;66;sgraveney2p@imdb.com
fdobell2q;lZ4==c3;48;mskippings2q@disqus.com
tcloutt2r;hO3&>;46;othrelfall2r@hibu.com
lreffe2s;mC3b64;44;gtarbatt2s@themeforest.net
cflieg2t;jB2jzak.;30;mbloss2t@japanpost.jp
kjoules2u;rD6!'AD`;19;ssquibb2u@mysql.com
dcottier2v;"bP0""%9";21;spetzolt2v@answers.com
sbarttrum2w;xR4)HI;45;sshanley2w@bandcamp.com
srapley2x;sS0$,G4|;8;cbeeson2x@walmart.com
pdebellis2y;hO0i*<;37;rmeneyer2y@scribd.com
mketts2z;vX2}a;23;eorriss2z@xing.com
nspurdens30;jD1/{~;59;pkelston30@google.com
ggitting31;vX5U|;55;mlorking31@123-reg.co.uk
nohallihane32;cP9?Ln;65;csheppey32@oaic.gov.au
clocke33;aZ6#;34;vmorot33@auda.org.au
amcteague34;"xU7""";90;jwilcott34@nps.gov
dmegainey35;zY15Y;67;wkorneichuk35@msu.edu
nfuzzey36;kU1)n2h;76;gfiddeman36@istockphoto.com
mmeece37;fB2f_n$1;90;eyerby37@marriott.com
cmcsparran38;gY3i;77;dadlard38@creativecommons.org
ktackle39;nG6@Dy;77;tconnold39@google.pl
hbrehat3a;qI6ig>4u;21;idewan3a@wordpress.com
ttrivett3b;sE0+qZAW;98;atussaine3b@parallels.com
kstickles3c;zS2KJYO(;76;dblazewski3c@jalbum.net
cferrers3d;zD8|;94;cguage3d@slate.com
dginner3e;rJ32}1;37;gdenholm3e@elegantthemes.com
oberisford3f;bG52<c;76;pazemar3f@networkadvertising.org
mheinsius3g;yM0N;28;aolder3g@meetup.com
asainter3h;tH6DdoT;26;ipollack3h@home.pl
gblastock3i;bW5.*D}u;63;dtebbs3i@digg.com
pacors3j;cV69%0;60;gpinching3j@mayoclinic.com
cpascall3k;kW2H45;34;dposen3k@stumbleupon.com
charmant3l;"gA6k)"")?";72;hdufaur3l@com.com
bohickey3m;lB6IR;8;wbloxam3m@stanford.edu
hhibling3n;zG1HX5;37;jpyford3n@reference.com
rmarchenko3o;eR0%p;11;mpitrasso3o@prlog.org
kcrathern3p;lV75HPrE;100;wmelendez3p@alexa.com
kalvarez3q;cU82`gGY;1;mtoxell3q@prlog.org
lmonteaux3r;tG1#A;60;askea3r@fda.gov
bseville3s;xM8{;41;zjobbins3s@nature.com
pbeaulieu3t;hO1{;24;cbolmann3t@dell.com
wbisacre3u;iX1/Nr;28;rbradforth3u@netvibes.com
jmcgerraghty3v;xU5`S@';91;tbotley3v@bandcamp.com
mengall3w;fB74S;45;sbruhn3w@nbcnews.com
jjurges3x;vD9)+Z~_;43;bmonshall3x@issuu.com
phancill3y;"uI1""jg";91;lvalentinetti3y@naver.com
lsallowaye3z;tI8!~;0;gstanes3z@zdnet.com
mmoncaster40;fI4E&7;58;gdavenhall40@nydailynews.com
hchason41;cW0h+YR0;41;aballs41@utexas.edu
pdunstone42;lJ4{};43;adulinty42@prnewswire.com
dwheatcroft43;yH7);10;jlongea43@twitpic.com
babramof44;vC4<&;6;nbeeze44@163.com
jhardwin45;bT4I;89;blyston45@forbes.com
glackemann46;"lB8C""s'";15;hgiddings46@google.co.uk
hcoppock47;pR9}w;64;aborgnol47@wufoo.com
nlangeren48;cR9Q;68;asacker48@multiply.com
rmackelworth49;wA7mNcR;78;osouch49@latimes.com
odrable4a;yL2eFd;29;eblencowe4a@mlb.com
mcamillo4b;pZ4o;55;istrete4b@hp.com
jricardou4c;fP4B#Tx;32;mmaddison4c@ihg.com
mstaddart4d;kF8wMiT~;36;bdemars4d@weebly.com
rarnaldy4e;zQ4p>n;91;abrislawn4e@fc2.com
acrowter4f;eC5$Ri.|;13;lchennells4f@taobao.com
ksanbroke4g;lG1XF;18;hgoodison4g@illinois.edu
dpoundford4h;eK0IO;75;olux4h@mediafire.com
dnelm4i;yA8}U;62;gdurand4i@lulu.com
bgiovanitti4j;kT60Zo\;66;wopie4j@infoseek.co.jp
dlindgren4k;zB8u)k;45;tsketchley4k@goo.gl
ithickett4l;wJ3~;12;tshawyers4l@hatena.ne.jp
gtabbitt4m;iJ1Lj\;20;jsedgemore4m@drupal.org
jquogan4n;nY6x0;15;eclacey4n@scientificamerican.com
ksommerly4o;iQ3}4a)0;16;hkeefe4o@jimdo.com
dstode4p;tT89;43;rmannock4p@opensource.org
cfinker4q;xC0By/T;51;lcoton4q@nasa.gov
vsickamore4r;bU4D;95;achiplin4r@geocities.jp
twehnerr4s;fS7a5a;100;fdonnelly4s@blogtalkradio.com
awandrich4t;iD5is|D;39;fsharrem4t@microsoft.com
amulles4u;nZ4B4nIH;99;cneilson4u@baidu.com
mferrucci4v;vN5vTAzw;67;fwoolway4v@cbslocal.com
liohananof4w;sX8!HUL;72;hrace4w@topsy.com
sprobin4x;bY11.;33;awaskett4x@plala.or.jp
gclamp4y;pB40_g;33;fwadhams4y@sciencedirect.com
gmorgan4z;fE1DFO$L;72;jgrisedale4z@hc360.com
bfavell50;mU01;86;cfishpond50@tmall.com
biannini51;cM2x;18;cwarlowe51@un.org
bmcnickle52;gB0D;9;ibarrable52@issuu.com
lboar53;eL8A;53;kjanu53@sciencedaily.com
rlafee54;cY7|H1;76;pbeardwell54@gizmodo.com
ohansed55;cH7i;17;jdarcey55@mozilla.org
agarling56;jK2x(/iF;1;nbaldrey56@shop-pro.jp
lplayfoot57;sY0M;54;fgoodhay57@time.com
kbeiderbecke58;lX9uo2s;3;rartz58@blog.com
dtort59;xX1~kvJ;90;cluna59@uiuc.edu
ashuter5a;sD9f*+;9;dsissens5a@domainmarket.com
sfoy5b;"oS6""x?Pt";10;jlandells5b@ucla.edu
aprevost5c;pR5GtJ#2;4;tanderbrugge5c@nps.gov
bmcmeekan5d;vD4QPv;59;blorrain5d@icq.com
dmonkman5e;nT1rx;35;grispen5e@blogtalkradio.com
mtampen5f;sA8NnY@;12;haicken5f@tmall.com
fphillot5g;xD3_Q;23;sgiovannelli5g@nasa.gov
lcatenot5h;tA5xZ;44;dbefroy5h@about.com
stoplis5i;lX0x';51;hmycock5i@spiegel.de
mbauchop5j;hM7y';20;ppruckner5j@archive.org
fcallander5k;sU2u=+;39;mbetje5k@utexas.edu
bcawdell5l;dV5v8;51;mpester5l@com.com
dlowre5m;fB3O5;51;aobeney5m@github.io
sraithby5n;lJ2>3q;31;myoxen5n@mozilla.com
tazemar5o;gN5K9(;20;darmes5o@usatoday.com
dconnah5p;zX0Zji;98;bayliff5p@theatlantic.com
bcathrall5q;rY0{fg;68;cpylkynyton5q@bbb.org
mosmant5r;lE4GO;4;ccollinette5r@rediff.com
vgillingham5s;hS5z$(;7;jlambkin5s@webnode.com
rbugs5t;tK8$sUF;11;mredihalgh5t@amazon.co.uk
astanyard5u;wU4a&'r;27;anoore5u@quantcast.com
mthayre5v;fF7}Ier?;73;mjudkin5v@csmonitor.com
pwarden5w;qS6f>PvU;35;hjermin5w@ocn.ne.jp
mfarfull5x;mL7}qGX;21;kfoan5x@themeforest.net
wlardiner5y;sX2G_$&;51;ckarpeev5y@hatena.ne.jp
rjencey5z;vH1_+Z5(;12;ljarrad5z@zimbio.com
sderyebarrett60;yX1Y!*nx;13;krobbins60@github.com
hwaeland61;dE7\;92;lgibbon61@php.net
icopestake62;"bJ2$!i{""";37;woflannery62@google.co.uk
fmcconnell63;mL19uE9;67;jmulles63@forbes.com
creadett64;iR9}@IXm;95;lixor64@ifeng.com
ktapsfield65;aK3a|;62;dgreneham65@taobao.com
awilkenson66;"fE4""3cd";15;bdemangeon66@yellowpages.com
lfieller67;sG4(v;42;sbriar67@berkeley.edu
ckuhndel68;oX62!;46;tbirkinshaw68@xing.com
tmasedon69;xJ15)0;10;rlacroce69@freewebs.com
lconiam6a;sF0!M;21;bstubbings6a@joomla.org
mbraffington6b;nH7~>r>;58;aanshell6b@devhub.com
sbyrkmyr6c;iE1XZ;58;cbrunsden6c@prnewswire.com
zsegrave6d;qQ7vHM8B;15;lmingauld6d@acquirethisname.com
fhegerty6e;qX9y?8;48;kgambie6e@google.fr
mbrauninger6f;cT7/.W|;57;wasbrey6f@kickstarter.com
rkinsman6g;iF6b;47;vbarnfather6g@t-online.de
lfairnington6h;iP87d71b;95;jhowarth6h@bloglines.com
barblaster6i;aH6$;15;mduchant6i@google.com.br
scapey6j;uF6>L9(L;70;chewes6j@theguardian.com
ttrinke6k;sO7xA;88;tcalderon6k@about.com
tivanichev6l;wV8A;14;hsowray6l@devhub.com
jelloit6m;hH6WE=%;22;fbelliss6m@blinklist.com
bparton6n;zR0D;20;jbourley6n@cisco.com
osaer6o;pR3qPh;3;obrandon6o@disqus.com
jdarington6p;lT19H=Z;73;hleverette6p@ucoz.com
dreeder6q;kD6/N;94;kstillman6q@creativecommons.org
ewoollacott6r;vC2@;68;svalero6r@shareasale.com
hoxbe6s;uO7C;8;cspacie6s@goo.gl
whalton6t;jX4FBd;43;sclaxson6t@newyorker.com
kfazakerley6u;pR6R;37;mpadilla6u@i2i.jp
hcount6v;iX8~)ihw;45;ckorfmann6v@edublogs.org
vbasten6w;eL14;90;crisom6w@etsy.com
klamplugh6x;lX9y;2;tdominique6x@squarespace.com
akerridge6y;oI28!;31;wyetman6y@w3.org
alaroze6z;kA5m;17;jseldner6z@bloglovin.com
qdumbarton70;sT2b/(5i;21;cpole70@desdev.cn
lgrzes71;pJ1$5g;27;scream71@icq.com
ptivenan72;aN5P_6C;40;relliot72@feedburner.com
fperkinson73;pJ0To;63;bendrizzi73@github.com
ephare74;qY6B99;58;lfenners74@sphinn.com
mschwieso75;qS9gn@;31;vsiene75@bing.com
sshallcroff76;aD4|6BR9;86;spicot76@berkeley.edu
hgrimditch77;uI57ROJR;9;rbonhomme77@pen.io
bedeson78;kC8e;17;bacom78@apache.org
hsleeman79;eG9!8!;4;mkightly79@indiegogo.com
lscotti7a;cS8N>;31;chansen7a@weebly.com
aconeau7b;eL4@P;97;gdelayglesia7b@nytimes.com
mlefleming7c;iK1zQ;49;rapark7c@tinyurl.com
kdobbins7d;jT8Y,;4;echaperlin7d@columbia.edu
econfait7e;jH1v%f;67;sjesper7e@eventbrite.com
clemonnier7f;tA17;4;bsilber7f@jugem.jp
bradleigh7g;uD3n;9;hmariaud7g@geocities.jp
croggerone7h;jM1n1;27;nthewles7h@theatlantic.com
bandreini7i;gN5y;44;svasnetsov7i@cyberchimps.com
lmullin7j;cC1di#JW;18;locarroll7j@is.gd
msantello7k;kJ6x}B;18;tmatveyev7k@naver.com
asabine7l;lX7\qC;30;afasey7l@google.com.br
wpennycord7m;oP26OY,;76;isignorelli7m@wordpress.com
wdhooge7n;bJ39OGA$;31;clawdham7n@1688.com
lschrei7o;oB3E+;57;gnutting7o@lulu.com
vgoodread7p;bU9m;74;mgerling7p@mac.com
kbrahams7q;gV1~~;59;lmacconnal7q@weather.com
awippermann7r;kK7Q'/\>;12;druddin7r@tripadvisor.com
pbiernat7s;pA58H?AO;58;tyglesia7s@wsj.com
abotton7t;wZ0};24;maleshkov7t@timesonline.co.uk
mcorteney7u;oA7M;84;lironside7u@hibu.com
ddagger7v;yK2Pqc=;31;wdryburgh7v@t-online.de
dcoggeshall7w;qZ0cA4L;84;mroistone7w@trellian.com
bdinapoli7x;oA8zJ*Qa;85;hdovermann7x@imgur.com
gahmed7y;tB9#(Y;81;cbellringer7y@sfgate.com
nbundy7z;lP7MX,E;69;tbisley7z@dmoz.org
vfusco80;hB4ScTQ$;23;pasbery80@hud.gov
bsanti81;fC3&;57;mhaynesford81@uol.com.br
mmcnalley82;xJ7@Q<;71;cvaneev82@wp.com
dskpsey83;eE1ziNP;97;lalentyev83@bravesites.com
fdreelan84;kR9Ey*yH;80;hpersent84@vistaprint.com
hchrismas85;oI3>;96;mbru85@stanford.edu
arabjohns86;gA6uw;36;mkroger86@reverbnation.com
limlin87;dI2mpeR;20;oyourell87@shop-pro.jp
rlefebre88;wD7V+p;63;aeccott88@amazon.com
hseago89;aX0F;18;gterlinden89@constantcontact.com
dgodilington8a;wB7@<;35;rhumbie8a@yolasite.com
ncuckoo8b;vL07;85;mvannuchi8b@twitter.com
apetto8c;oJ1&$;59;prenard8c@spotify.com
sholah8d;jB6)j%hs;86;kmellon8d@theguardian.com
kgue8e;eP0K;36;blongdon8e@bloglovin.com
pyakobovicz8f;rY0,}zVq;86;gbortoluzzi8f@huffingtonpost.com
cgirod8g;sO9h/N;84;riskower8g@printfriendly.com
eparis8h;lI2K?;59;wpitcock8h@theatlantic.com
yballay8i;zG3K'<H;70;kgoodread8i@apple.com
dmacascaidh8j;lO2Z#/Z&;63;sjirousek8j@hud.gov
dmcauliffe8k;hS7+bu/!;41;hmellers8k@smh.com.au
jhalsworth8l;bN4tZS<;0;sjouanot8l@uiuc.edu
rrevey8m;fE2);83;lgilks8m@mit.edu
flearmond8n;"rR89""Hf";99;kkruse8n@feedburner.com
acolquitt8o;dZ4ENL_;47;meldridge8o@apache.org
hwarton8p;jY5.!2;78;selwood8p@cam.ac.uk
tcritten8q;dI3Y_;59;jrichie8q@who.int
skollaschek8r;uK9*;11;nmobberley8r@dropbox.com
rfarnorth8s;uY3=MZw;94;lcazalet8s@so-net.ne.jp
kdooley8t;cH9Zyo%;34;lorford8t@bloglovin.com
hcars8u;zI0r.`%G;3;btetford8u@umich.edu
hdemcik8v;oJ0Y;36;qclemendot8v@myspace.com
gvirgin8w;eG7py;16;anibley8w@webeden.co.uk
ldacosta8x;hV0>k3_U;70;mhanselmann8x@plala.or.jp
bmarskell8y;vZ6+h;74;ddarby8y@jalbum.net
mtogher8z;vR6$aV;85;mbibb8z@omniture.com
bdemetz90;nJ28;25;aworcs90@github.io
plupson91;gF3gX<;47;nzylbermann91@wisc.edu
mtomson92;uL5%;59;coleksinski92@bizjournals.com
ihaverson93;nM1uNsi;10;oattreed93@ftc.gov
gfalconer94;eX8*);73;mdove94@google.de
sbissill95;jI1Slb;92;pkivits95@google.es
dissacoff96;jN8bj7,.;15;bsemmens96@wufoo.com
fmurname97;nN7n;33;hnafziger97@prweb.com
prandlesome98;qO6VjwxV;64;ndoward98@hatena.ne.jp
lcabbell99;hI9mY;8;etrencher99@netscape.com
jsturt9a;uD3j;3;gsyphus9a@free.fr
rwandrach9b;qC0k5`;59;ikleinplatz9b@umich.edu
acobbing9c;oJ2#L<;63;cbugby9c@myspace.com
clello9d;yN2TYzy;96;pyabsley9d@cornell.edu
rgapper9e;mP4=3xDT;71;fbiggs9e@marketwatch.com
ccrayden9f;yZ7Y~MrF;37;fpiotrkowski9f@nasa.gov
rorsi9g;qT9xD<2;18;rbassill9g@gmpg.org
cdavern9h;hY1v+4J.;59;asterman9h@merriam-webster.com
lhampton9i;tY3Hq;45;fcrichmere9i@comcast.net
jburtonshaw9j;"bE1""9E";44;sdundendale9j@tuttocitta.it
tblight9k;gX2!D0;76;lhumerstone9k@github.io
kbeazer9l;sT7CY{;2;ddomenc9l@princeton.edu
gcracknell9m;dE5R;11;abartolomivis9m@nih.gov
amordin9n;cR8kcQK;6;rwhitehouse9n@oaic.gov.au
mgreenacre9o;jY5)_l;25;aelks9o@jugem.jp
ndanielovitch9p;nY8m;86;bgoing9p@netlog.com
balps9q;dU6&kJX;85;lbarefoot9q@java.com
pbrimilcombe9r;rL9ectH;38;kvescovo9r@samsung.com
sleestut9s;gK5BX;24;cprettjohn9s@intel.com
tboyce9t;fF6V(i'_;19;ejersh9t@icio.us
claise9u;fE4TtR;3;bsaylor9u@cnn.com
dcatt9v;mI4HVc$;15;gvan9v@narod.ru
xspeere9w;rW7qG!a;44;slivezley9w@imgur.com
eskyme9x;wA1R;37;ederobert9x@canalblog.com
pfisby9y;mX4S(Hw;69;phalsho9y@pagesperso-orange.fr
ldummer9z;wY2YhWN;21;astickford9z@networksolutions.com
rugolettia0;tP36P;14;cnella0@e-recht24.de
atitforda1;wH4r6W`h;59;spawelczyka1@chron.com
lmeea2;mV6gfcM/;8;cdownesa2@aol.com
elovewella3;vD2X;45;cpuntera3@cocolog-nifty.com
swhittucka4;cA4qfjh;11;swycherleya4@newyorker.com
nmurkitta5;lM7rEj;12;tshillakera5@livejournal.com
fgerreya6;vO7s;83;jjedrzaszkiewicza6@yahoo.co.jp
dhudlestona7;pS0#;29;hflaxona7@ehow.com
rvautina8;"jT3""";89;emoricana8@tinypic.com
tcullimorea9;wN4ov$Ir;83;agillicuddya9@mysql.com
dwenzelaa;cG1l*%K0;82;bbourleyaa@webnode.com
randreuttiab;dA74&z<s;62;estirlandab@google.de
aperrelleac;cN0rw3jN;35;spirelliac@webs.com
abourdonad;zM3D@;69;theberad@yellowbook.com
iwarenae;"bJ2""";90;dderricoatae@t-online.de
knorreyaf;eW2Lw!/?;45;kspinageaf@sciencedirect.com
smargettsag;uD5BmqL;62;vbroodag@wordpress.org
eeadieah;bD0y~*;82;eflayah@free.fr
garndtsenai;xD5<A;95;gmatteiniai@histats.com
bdonohueaj;xU9l3;73;gzellickaj@paginegialle.it
nkeepinak;nK01O`qG;48;itranfieldak@sfgate.com
tbooleal;tI9M;6;csculleyal@mediafire.com
stodaroam;xB4=}v9s;46;hbenam@usatoday.com
ospeightan;pJ4_A;95;jburrissan@google.cn
hbrumenao;vD6,n;19;kfriedankao@trellian.com
iellerbeckap;eO6,<X;8;mmaudlingap@dmoz.org
clanktreeaq;wW00'I;75;cthresheraq@arstechnica.com
jbateyar;lY6yVC;37;lcarnduffar@1688.com
myounieas;gQ3>Pn2f;54;fkrzyzowskias@latimes.com
dtumultyat;cO8N;37;jhukinsat@dailymail.co.uk
wboleynau;tV3*;74;gleverettau@technorati.com
etoulchav;tS8.Z;71;ffurberav@cbslocal.com
abracheraw;tU3J;63;tbreacheraw@apache.org
jhewlingsax;iA9D8{ag;66;bgreerax@canalblog.com
harrolay;lS7u9I;36;hfoyleay@prlog.org
tchaudretaz;qZ8BH8h%;85;akummerloweaz@cloudflare.com
fpolglazeb0;fZ5w;14;ccomiamb0@theatlantic.com
vdangelob1;sW7\sJwM;0;btwellb1@infoseek.co.jp
ksikorab2;uO5nbXL;31;chubbinsb2@tiny.cc
adudlistonb3;bU2In}i+;12;cwingerb3@howstuffworks.com
dlinesb4;nQ2>=7;45;dsillimanb4@nps.gov
hnarisb5;qW4D>V@';32;jeasleab5@1und1.de
wrollinsonb6;qN7'nmJ;78;afigiovannib6@surveymonkey.com
dlosebyb7;yO2%yhG_;97;ekaveb7@noaa.gov
bsousab8;kJ9#;44;zvarndellb8@skype.com
mmcphillimeyb9;xW2q53z;99;lscoinesb9@moonfruit.com
aelstubba;uE0};26;mblasioba@myspace.com
kstilldalebb;hC8&pkb+;3;bczaplebb@spotify.com
jminghellabc;xJ65C;63;pkirkbridebc@java.com
jwaddicorbd;bH6f;9;cchamberlinbd@wunderground.com
sknyvettbe;pI57QHd;62;nlaisterbe@tuttocitta.it
siacobassibf;bP6V,';50;fnorfolkbf@scientificamerican.com
bgrisdalebg;nP3{gqX;96;rlankhambg@youku.com
gflaggbh;lW2V(;90;eughibh@seesaa.net
eringhambi;iN60R>;60;aswetmanbi@webs.com
oslipperbj;jK2b;40;dhanscombj@usnews.com
pchestersbk;bB3@;61;ljuppebk@epa.gov
ddoybl;hB4_TH;17;jbrotherhoodbl@ucoz.com
cbowlingbm;kG7<;79;dcastelletbm@yahoo.com
lgrishmanovbn;"zJ9x=""_";63;ktwistbn@archive.org
ngullefordbo;zU0%/6s!;69;caccombbo@java.com
bgoodissonbp;cC55F;8;icregganbp@slashdot.org
znorvalbq;uM9L(;40;bchekebq@cornell.edu
cebbagebr;bC3H;91;jiacobuccibr@java.com
tspoffordbs;pH2tz;55;llomondbs@fc2.com
mbroadheadbt;iX4u;50;dblockleybt@dailymail.co.uk
glangtrybu;gJ8~%;39;hfealtybu@kickstarter.com
rlodwigbv;tC3xt$Q;13;hcardewbv@woothemes.com
rsimecekbw;gS25#;2;rvannuchibw@dmoz.org
ccolefordbx;wT5Nv5\>;88;adaviobx@mediafire.com
lchritchleyby;bJ3D5;79;wandinoby@dailymotion.com
hclemoesbz;cP9s9|;21;jguitebz@linkedin.com
bbathoec0;jY8V;66;tbeangec0@booking.com
aholdinc1;vB3@49G;97;fcawleyc1@msn.com
rgregorattic2;wG2v;60;kboswoodc2@dedecms.com
jrapic3;kA8beh{N;6;bshetliffc3@wsj.com
mnavaroc4;oG1%LF'1;81;hreignardc4@pagesperso-orange.fr
onorvellc5;nX3WX;82;tkibbec5@ifeng.com
ngrinnovc6;aH76;86;jforrestc6@google.pl
rlindforsc7;rJ0~.5;31;kpadrickc7@wunderground.com
spenderedc8;"qI1RfD""U";98;cmaryonc8@google.ru
pargonttc9;mA29p;26;ptrehearnec9@pcworld.com
phaylesca;qA4>);18;rboardca@salon.com
dnaughtoncb;pA3(u.;1;cgrowdencb@sfgate.com
nfreemantlecc;uV3};56;wdeeslycc@bbb.org
aknaptoncd;rA47;22;fstorrecd@reuters.com
mgorriessence;sN38;8;dchellamce@slashdot.org
mlethbycf;dH9O;78;dhatchmancf@nsw.gov.au
agammoncg;pL1_;72;icraddockcg@miitbeian.gov.cn
npeploech;nU3*P;16;wsermanch@dion.ne.jp
jdeemingci;iY07;6;wscoreyci@netlog.com
cszapirocj;mT3%l;95;ccheeneycj@ebay.com
rscholtzck;mK2Z;64;hcuttsck@google.co.jp
jmacgarveycl;uI2nGy+;51;crubenchikcl@istockphoto.com
amcginneycm;eZ6O3y6r;57;afarnincm@ovh.net
ebaverstockcn;cT4rqqx;72;klowfillcn@elpais.com
jdeavenellco;rJ2=B;96;llimerickco@time.com
bkrienkecp;lU2ger2;42;ovassecp@bluehost.com
cdrewettcq;sD9Zp;35;sfraulocq@sitemeter.com
rboolsencr;pR0_i;24;aglaistercr@edublogs.org
epurveyscs;oQ4U5t;0;pcozinscs@homestead.com
nfaiersct;jS7uJA;94;sbraidenct@addtoany.com
mkiebescu;gU87c;7;wmattheiscu@qq.com
tmcareaveycv;tP4seGa;85;etrehearnecv@yahoo.co.jp
msquirescw;cG9|gO9;94;galberticw@nifty.com
okedsliecx;oM1j@KB;74;lbeattycx@foxnews.com
yklimschcy;kU1Ab?;96;odobbinsoncy@ning.com
hharsecz;rM2UE;88;jhuntrisscz@tuttocitta.it
zchomiszewskid0;nB6PI*;61;lhansed0@theatlantic.com
ffliggd1;wE6Z;83;rpilgerd1@shareasale.com
tethelstoned2;rF43)hoH;2;nbenetd2@google.fr
aberthelmotd3;qP3w;5;bbilliardd3@bravesites.com
glomazd4;pU53xQH;13;tdeatond4@yandex.ru
ttuillerd5;sG47;73;jnannd5@oaic.gov.au
hpluckd6;pH3ns6@;33;jwilliamsond6@chicagotribune.com
fcastagned7;hL5Q+/r;96;fsamuelsd7@about.me
salvyd8;wP03;83;rmockettd8@fema.gov
jmcanellyed9;iN4WgR;1;pklossmannd9@bigcartel.com
ddaughteryda;iQ5Rq;15;gbenaineda@cornell.edu
sskaedb;eN18;29;nramsdaledb@google.co.jp
ibranndc;bY8yrd;52;escurmandc@mlb.com
egatemandd;wH7HL3m;1;rbrodiedd@e-recht24.de
nscreechde;pG3?\;35;apauleitde@ft.com
mfressondf;fM9JahI{;60;wmittendf@goodreads.com
vpeaddg;cZ6Lm~gj;25;bdebellisdg@google.de
pbartomieudh;cJ3lgR?;47;psemonindh@diigo.com
sgoranovdi;wE6fk!;97;tkynsondi@hhs.gov
vpackingtondj;lY8F'uJ;64;iyerrelldj@sun.com
rlealdk;xG9L'7;41;leliassondk@hc360.com
ebretteldl;gH5JQqJ;77;dcowlingdl@cbc.ca
ehurforddm;pN5j\\,F;71;twallagedm@umn.edu
fbonafacinodn;qP5b?J;48;cclemdn@joomla.org
gocannondo;rK4%Y+J;4;biacovolodo@usgs.gov
afidgeondp;oO7jp(;89;avandaledp@abc.net.au
choggandq;iR85lJL`;71;gpashenkovdq@wix.com
tdiemdr;hO1GH@9;33;bbeavesdr@squidoo.com
aklasends;bH5>;10;tfancuttds@i2i.jp
wbanthorpedt;zK9kJU;91;jemlochdt@bing.com
cgainfortdu;zP6|;18;bdighthamdu@barnesandnoble.com
tgulstondv;aA74z;47;aneashamdv@list-manage.com
klubmandw;dK1d;79;hmackaigdw@go.com
aremondx;lL7Q;5;strasedx@usgs.gov
mplastowdy;aV8O/!+;42;sazemardy@fastcompany.com
mfenbydz;wF5s;23;jpinckdz@house.gov
cphilpotte0;xL2|1;80;btoope0@java.com
cplotte1;bV81@;18;gstorriere1@prweb.com
dtschursche2;pG5&Qx;19;schaineye2@ucla.edu
clumberse3;nP2ok;17;aweine3@histats.com
sclerke4;iN2e,~);13;kjaouene4@ebay.co.uk
twhiffene5;wW9WDz;34;dkruge5@cdbaby.com
zhoggane6;yY9hu/;41;cconnachane6@google.cn
dharlinge7;nS3P0I6;52;mogormane7@oakley.com
ntwidalee8;wU2>`;98;kbenziese8@so-net.ne.jp
bottone9;nB06Ok;46;kjewkese9@hhs.gov
hgashea;fC1aV;82;ggrzesea@pcworld.com
rwisoneb;bZ9O;71;sbarklyeb@fotki.com
rkhanec;xP9J;8;jfilshinec@networksolutions.com
fkeerled;vL5j(o|;3;cawdeed@weather.com
ltunnyee;bN3~;53;kcobelliee@artisteer.com
cwatmanef;nE9?7;16;fwestreyef@sina.com.cn
mcicchettoeg;pL3pD;70;aidaeg@kickstarter.com
nsutterbyeh;mK1kDz;50;rcorlesseh@symantec.com
chaughei;uN4*s;7;rdollenei@mayoclinic.com
torcottej;xP1bRyl&;37;sjewittej@google.com.br
rdussyek;fB2K;12;espeerek@independent.co.uk
nporrittel;lK9*<';10;enormabellel@163.com
amcgauganem;kP01&HZ{;90;kigglesdenem@networksolutions.com
farnsonen;rT2y5<;47;amccritichieen@macromedia.com
rprazoreo;mP4t;52;rgainsfordeo@psu.edu
wgrammerep;wS99;91;dshergoldep@1688.com
wjebbeq;gW5&sCn.;39;bcopeeq@quantcast.com
ghopeweller;"bQ5""kV";81;smoulderer@un.org
afosteres;kT4D92;14;jgertes@umn.edu
olacasaet;cT1Lv;3;gvasilovet@fc2.com
aduelleu;eS3E*Fpm;31;byankoveu@miitbeian.gov.cn
cfreethev;xM44;56;tdearesev@tiny.cc
bcoughew;lW7W%l`f;79;dsacaseew@twitpic.com
erolfoex;nU0W;29;jpagettex@example.com
kdaunayey;gC5Kd;69;tbigginsey@narod.ru
cshewonez;bE3k)=;63;mquinionez@cyberchimps.com
aderbyshiref0;rW5lKg;42;arycraftf0@shop-pro.jp
rantognettif1;cI2,Y3;55;fomohunf1@spotify.com
lhaylerf2;iF7jeAT;67;cwollandf2@sogou.com
tthrippf3;jZ1}sj;53;rcalanf3@taobao.com
mkertessf4;rY4$i;95;jhavenhandf4@dailymotion.com
kthoumasf5;bL3N,saI;100;rhagardf5@ftc.gov
hcajklerf6;pP75R;68;fsantorof6@geocities.com
kgammellf7;jJ1n*Y|V;23;nomahoneyf7@sitemeter.com
lelleynef8;vD2kkD|h;30;kbilboroughf8@squidoo.com
bclellf9;oW0EW0;0;fredgrovef9@shutterfly.com
mschieferstenfa;dT9?>do;96;hpetkenfa@harvard.edu
mfitchettfb;vI0LG;23;cmctrustramfb@edublogs.org
sahearnefc;zZ19cFN;84;ktroctorfc@utexas.edu
rmizzifd;vV2K{;47;hmuncerfd@xrea.com
belkinsfe;tA5zF;46;bwiffenfe@scribd.com
wthewlesff;oD9zIe;24;rskinff@illinois.edu
gpilmorefg;hN6!*;54;agligorijevicfg@ucla.edu
nwillertonfh;iG8NC;37;dbaribalfh@unblog.fr
pweldenfi;eX06q<;46;tcharerfi@nature.com
imackelworthfj;uQ5uCS;48;wpeekfj@newyorker.com
cescotfk;pK0JN{C;56;cdumperfk@stanford.edu
abrodeaufl;tR389;47;qblasdalefl@cornell.edu
dtotarofm;dB6lc0;52;mosheerynefm@ibm.com
tdibdenfn;cI0y~;59;pportrissfn@squidoo.com
bsmizfo;mG48;64;smollindiniafo@ebay.co.uk
iofallonefp;kW5Izul;1;rgreesonfp@gravatar.com
dblanchardfq;jY9vP#Mq;28;brockliffefq@wix.com
iminettefr;dR3J;6;gterrellyfr@blogtalkradio.com
bwillattfs;jZ2#u;61;millstonfs@state.tx.us
mregnardft;lE87lCe+;44;edowzellft@csmonitor.com
acardillofu;rZ8Qicb;29;rplantfu@amazonaws.com
dcasarilifv;jZ9c;41;dcondliffefv@rambler.ru
epettiefw;nZ1u%d;5;llapreefw@amazonaws.com
waylingfx;wX9k/v;45;tjeanessonfx@ask.com
jolivify;"dV4?""zr";67;bsillsfy@deliciousdays.com
glougheedfz;aP1R;57;flawleefz@domainmarket.com
mhazeldineg0;oP91;54;ipreddyg0@g.co
dfayneg1;sS5R;11;cscoldingg1@redcross.org
rlestrangeg2;xS6R~LR?;84;lserleg2@nba.com
mdeandreisg3;"yG5""";97;mguiseg3@pen.io
hstedsong4;qD2A;9;tbalhamg4@google.ru
ssperringg5;cQ8rbV$;49;pgrummittg5@feedburner.com
bchantlerg6;qS6bPaI;42;cbilesg6@trellian.com
abumphreyg7;nR7kF;43;amonksfieldg7@blogtalkradio.com
rfeyerg8;hR9WT;3;pgrishaning8@1und1.de
ddowdeng9;rY0Qb<nO;82;pmachang9@cafepress.com
ccleynmanga;aD8<;96;datkinsga@newyorker.com
tbeadmangb;nI1y/8\X;58;einglisgb@thetimes.co.uk
lgecksgc;bT9wnz~D;87;rmunsongc@google.cn
jstiffellgd;mJ6bvJ9};100;dblazigd@jigsy.com
crodgerge;"tH6N"")}";80;bgerrishge@technorati.com
fsamwellgf;iB1?<;62;dwippergf@prlog.org
agioangg;kG5\x2;34;sleaninggg@free.fr
rnewgh;lO2Wc;86;wrisbridgegh@squidoo.com
epodmoregi;hL1D+;38;charkergi@de.vu
igiraudotgj;pE8a;1;khalgarthgj@imgur.com
akeffordgk;pB39~;25;graitgk@gov.uk
asedgeworthgl;rP1So;65;lffoulkesgl@amazon.co.uk
cacresgm;uK95;6;kduchamgm@tinypic.com
ljanderagn;eS4u~{;84;gbeatygn@ezinearticles.com
drikkardgo;gU1NTB8;46;iblydego@list-manage.com
dperrottetgp;fD6~s=;56;wdixgp@usda.gov
bespinhogq;tT4a;19;dismeadgq@furl.net
larnellgr;lI2_gWPz;96;apainegr@yelp.com
kdrippsgs;"hP9A""TW";89;cpalluschekgs@t-online.de
rhovygt;gO9@4;14;sharnesgt@google.fr
mmaygu;pS4es>cm;42;rwestropegu@seesaa.net
lkeersgv;kP2xpy2;15;gchampkingv@netscape.com
pmcalroygw;nW0s?y;60;mtrammelgw@hibu.com
ntrainorgx;cR7Z%>|;1;cbarradellgx@dot.gov
jpetrovicgy;eU2Z;97;rlaminggy@wix.com
atidmasgz;nX7ba;99;bvinagz@nsw.gov.au
ibredeh0;gK4ye);8;tmacandreish0@reddit.com
lstrowgerh1;kM5R;4;kregglerh1@google.it
bthurleyh2;fU2jJ`;29;bskipseyh2@a8.net
amalkinh3;hX6+;54;dbaulkh3@army.mil
rbritianh4;rX8f*;49;jwaylandh4@blog.com
ecuffeh5;qH3NGz;41;ibulgenh5@illinois.edu
bklimmekh6;qM3Lb7;55;abullenth6@gmpg.org
hgresonh7;sR6aF~?};88;jbridgwaterh7@nih.gov
abrugmanh8;sO4j_;4;mcaneth8@nih.gov
idelmageh9;sW0n/);71;rbettyh9@webs.com
lwebburnha;lK2FV;70;ccurwenha@amazon.co.jp
tsegohb;wZ06v>;51;tgreallyhb@stumbleupon.com
bstotherthc;uD8~{<f;54;araltonhc@nifty.com
hossultonhd;qA32,|.1;19;prigardhd@flickr.com
smcdarmidhe;eV8L/soD;24;isharplyhe@seattletimes.com
lwichardhf;rU3|;99;sphizakarleyhf@yellowpages.com
gsproulhg;tK1bLQs;83;fgreatreaxhg@symantec.com
esonnenscheinhh;zC4Y+*;4;tmcasgillhh@woothemes.com
rneillhi;pV6TK}Y;62;fpacehi@ft.com
wsheffieldhj;jB8&lu7;84;owhitwoodhj@tuttocitta.it
aunworthhk;oU1)x;77;labbehk@eepurl.com
rratnegehl;vV0Z6`?4;10;cnetherwoodhl@edublogs.org
agazehm;nD9uJTb;49;jlookhm@acquirethisname.com
zankerhn;xD8=dm;45;vbatchhn@zdnet.com
sstudeartho;eZ3b,|ej;22;gcainho@amazon.de
ecollisshp;jK2k,g;75;kcassellahp@ezinearticles.com
vgraviehq;gE5DRv;65;bglancyhq@webnode.com
jthornborrowhr;oZ4_Y_2;46;udaylyhr@hhs.gov
fhadinghamhs;cU9%V{>;38;jlaceyhs@eepurl.com
blarrawayht;eQ5X;10;aizonht@bigcartel.com
mspowarthu;zW5BEmY;45;sburminghamhu@netvibes.com
acampahv;sY84e';68;whandrockhv@guardian.co.uk
fyoxallhw;oK7O@HP;71;iyellowleehw@bing.com
akittowhx;aK4tN%m;65;zholburyhx@cnn.com
agouthhy;yY51~RLl;70;sgooldhy@surveymonkey.com
geloyhz;"wI0+m"")";35;akordinghz@github.com
lkewzicki0;qP7};23;cgiereki0@redcross.org
gjedraszeki1;aC95A(?G;67;atuckermani1@google.co.uk
sdichei2;kI6e!;2;tetoilei2@shinystat.com
bslinni3;eO238;29;bangelii3@virginia.edu
fduranti4;cG6G6bcJ;16;kleesoni4@scribd.com
lpippardi5;zJ8q<ZVt;69;dbangiardi5@squidoo.com
leseleri6;iW1i9D#;65;lkauschkei6@tuttocitta.it
ssinclari7;gO01+;92;amcareaveyi7@nbcnews.com
rninnottii8;xX2D;79;lcarolinei8@hugedomains.com
osaggi9;kK85jX;91;mclemenzii9@twitter.com
eenstoneia;bM94(;39;elegalloia@fema.gov
nheishamib;rN8%wC!;66;btellwrightib@slideshare.net
mhitzmannic;vS5i;34;rohanniganic@stumbleupon.com
nsmithiesid;jA0G&E2x;53;sjennawayid@livejournal.com
planstonie;wE5.1;18;wwillishireie@wikimedia.org
kcutcheeif;iH4$GFN;29;arieflinif@businessweek.com
sovingtonig;jC65MY;45;pderobertig@furl.net
amurreyih;bG5M}mJ;54;dveneurih@goo.ne.jp
cconnerryii;pY97;44;tblacklerii@arstechnica.com
fjessardij;sR9N'%;87;rorpinij@naver.com
rlumbleyik;"tM2f""m";81;thadnyik@ehow.com
pchattertonil;iQ9j+nrW;85;esanjail@patch.com
tdowdenim;qL28;3;waldissim@umn.edu
wmenilovein;xY8h)ds;45;hmcarthurin@symantec.com
mcantuio;eY4?j;36;abellefonteio@smh.com.au
shucksterip;hY9/TGC;59;lsummerskillip@hp.com
sbeddardiq;aU5LG;27;tdebelliq@bbc.co.uk
knorwoodir;yS5Ag(@;44;srichardonir@e-recht24.de
mholdallis;vH1PLNb;94;fwilletsis@edublogs.org
ddarrigrandit;yR3AgG;11;eesbrookit@rambler.ru
fmabbsiu;cG8tTcK;19;btissingtoniu@sciencedaily.com
aboakiv;cV8<p0;23;sfennyiv@wiley.com
aodennehyiw;lJ0G;40;bmccluneiw@mlb.com
kblawix;mD9``g;85;jguidelliix@ovh.net
smaccostyiy;rE5+~fA);69;verangeyiy@usa.gov
lfacheriz;lE7=T<l;85;fjopeiz@shareasale.com
bgirardyj0;aH2y;100;sswinnj0@freewebs.com
tmcghiej1;kT3xeD;32;acristofolj1@princeton.edu
dvandenhoffj2;eV8#tya;25;dhudsonj2@wix.com
dtorricellaj3;gE762Vx,;82;wgothupj3@free.fr
bfeenanj4;yV1f;7;rbellyj4@imgur.com
bsaltsbergj5;mE8Nr!;24;tscogginsj5@cisco.com
aburchfieldj6;"eI9`""";74;btruittj6@newsvine.com
bbagwellj7;qL3dDEK@;68;kmarshalj7@unc.edu
hwadmorej8;fT8PVVSU;82;rmelinj8@4shared.com
spelosj9;sR7vvZ;98;kpiggottj9@cmu.edu
jbathja;fE6U%j;60;wgrouvelja@dedecms.com
vtuillerjb;jW68;2;hsabathierjb@hubpages.com
jmackettjc;rE9CW)`v;15;igiraldonjc@sohu.com
jdibbjd;jH1qB+FC;40;rkurtenjd@newyorker.com
ffennyje;hO4q;67;adavidavidovicsje@redcross.org
ttordoffjf;jU2W;52;abrignalljf@usgs.gov
bemberyjg;nB2);98;khamnetjg@vkontakte.ru
adavidofskijh;oS318Y@#;33;jpaulojh@weather.com
tfenbyji;uF3.5Nb;42;aquerrardji@sfgate.com
mbrettlejj;yP6(zaQ;42;asollisjj@xinhuanet.com
lgoodrichjk;rS1{_}U;86;fgrinikhinjk@deviantart.com
boglejl;dX7Z|Ei;13;aeldertonjl@1688.com
shoneywoodjm;iL8ltW+?;30;fbartlomieczakjm@ehow.com
dwalshamjn;zJ7Gkp3h;24;khidderleyjn@ning.com
dshanksjo;rE8q{;56;econfaitjo@issuu.com
esherjp;iN3a;23;pglasbyjp@sphinn.com
gbeavonjq;tH7~Yac\;96;kpighillsjq@slashdot.org
shazelgreavejr;pX0|6(G~;89;gcomelinijr@businessinsider.com
jperringjs;qW9oR7;14;jpontingjs@clickbank.net
sgammelljt;oV0vH1E;36;mstylejt@issuu.com
rbratchellju;cG5|P=;67;cmerrigansju@spotify.com
schallinerjv;cN8|;70;ecarringtonjv@tamu.edu
froylejw;sJ6E};33;lumbersjw@mlb.com
spridmorejx;lS5H2;93;cbentzenjx@blogspot.com
svitalljy;aO0JOM$z;52;spippinjy@oakley.com
zstivejz;nD8UF;36;blocketjz@miibeian.gov.cn
rperrottk0;dX7>.g?;91;jcosterdk0@google.co.uk
jbardellk1;yF0y;59;rmarkovak1@yellowbook.com
ddomanskik2;kU2\Iq(#;21;kricardonk2@gravatar.com
kbingellk3;bY5c;91;hsauntonk3@intel.com
hpalkk4;rT3s+a2M;27;sdiggk4@digg.com
jokeshottk5;bE1tH}U;43;smontierk5@google.co.uk
lleank6;hO71!U.;71;earneyk6@ifeng.com
mwoodruffek7;eK8Q;40;gfeenyk7@dailymotion.com
pboscherk8;qI0(bj;2;orennerk8@de.vu
fmcphatek9;jI35;58;kmaronk9@goo.ne.jp
egillfillanka;yT2f=jKo;64;dfoggartyka@weebly.com
kgibbskb;"hC5u!|""";56;dsothcottkb@nyu.edu
kfulgerkc;jG7=;51;dlittledykekc@google.com
sblaymireskd;lR6Y15;76;lbrecherkd@google.com.hk
eleworthyke;qE1PR;63;traggke@amazonaws.com
cpithcockkf;bU8o%fc;42;ddurbinkf@i2i.jp
kwardekg;wD7RG`;78;jtetfordkg@dailymail.co.uk
hgegguskh;fT61h8\;1;urowekh@engadget.com
ngatemanki;lJ43/u;36;ashellshearki@scribd.com
sgreenkj;iY7!2;31;minglesonkj@ca.gov
bgreenmankk;aG1AcD;93;dwharinkk@parallels.com
fshevlanekl;kY72=se8;94;mcasottikl@illinois.edu
kkissellkm;cI5vx71k;95;acroisdallkm@fema.gov
cthurmankn;lG5OP;53;cdabinettkn@scientificamerican.com
gglowackiko;aT4/_nI0;33;heskrickko@artisteer.com
adiemkp;hJ6mo;27;alyffekp@unc.edu
ablacklykq;fG5,5=x?;14;pgymblettkq@slideshare.net
sradolfkr;bY2JnO;20;acarleskr@sina.com.cn
mjanouchks;xO7'emKk;61;banstissks@hubpages.com
cpargiterkt;rM40;61;btullethkt@pagesperso-orange.fr
dibbesonku;rM3Ze;12;htoftku@goodreads.com
dkirsoppkv;jE0sk;95;bkirdschkv@businessweek.com
chennerkw;lD5>HO;92;gcordonkw@yelp.com
lblakesleykx;pR0U#;50;vsillekx@earthlink.net
jhurlesky;sA56oI2;47;jlelandeky@paypal.com
arannskz;yL3S;40;adionisiikz@google.pl
dpigginsl0;oK9bR;38;rkilleleal0@wunderground.com
mwarcopl1;aJ5j{iTe;62;csabathierl1@parallels.com
jbonl2;iH0S;54;cbirtwislel2@who.int
rgreggl3;iG57EK;48;oguestel3@wisc.edu
nbaptyl4;bP0*nfTI;70;alodwigl4@ed.gov
dcolleltonl5;bX9ANi;79;epetrelluzzil5@ycombinator.com
ncosselll6;qB5mwQ70;54;bskillingtonl6@booking.com
scasel7;yK2=7;60;kcrocettol7@salon.com
kfaulderl8;mB0G;58;hhavickl8@bbc.co.uk
hspraggl9;bX6(V\5;51;dthrustlel9@sphinn.com
gswainsburyla;pI2}5T9c;71;aruddimanla@opera.com
amcveighlb;yX5i#z;7;raldertonlb@wikia.com
gchaffeylc;zP9OdQ'z;44;abowderylc@zdnet.com
tbaskeyfiedld;iB9J=;7;clebbonld@walmart.com
fcampanellele;mC2BM0bG;82;dtibbettsle@ezinearticles.com
fshaklelf;sU9R>;40;kbrecknocklf@narod.ru
cpetraccilg;tM5VEa;88;mforsterlg@vkontakte.ru
pberriganlh;zN3W;35;dferolh@alexa.com
kpetrli;lN7}Yh)>;56;bstaitli@huffingtonpost.com
ltraynorlj;dI3M!6BC;66;bdracolj@blinklist.com
pmccreedylk;mV98*0!T;0;geccleslk@earthlink.net
lcheelll;sK5icWWq;81;asagersonll@ucoz.ru
ahinrichlm;xL2'+Yz;84;npuiglm@dagondesign.com
bpiolliln;uM4>qBnP;66;fmichinln@ocn.ne.jp
bbroxuplo;pD8P0l;86;czolinilo@deviantart.com
gmanuellolp;iU7Z+I;8;vclairlp@instagram.com
dtorrlq;eC1l;70;ktillettlq@usgs.gov
mlonderlr;nF2@i;8;tipsleylr@nymag.com
atraysls;aE6|M;92;fbilyardls@ask.com
bdripplt;xY8$;93;bradolflt@europa.eu
estquentinlu;rQ3FR;18;blinzeylu@google.nl
ccrushamlv;nK7fB;24;elampelv@youtu.be
hciccilw;vN1Y~ee@;74;sfullmanlw@storify.com
hmcnultylx;pA9=u;48;hbensusanlx@psu.edu
cmerriganly;cU0bPLQ%;44;avescoly@foxnews.com
hwillishirelz;nT4._nH#;21;schazellelz@dedecms.com
akettridgem0;rP0D#PZ;8;jroomem0@google.ca
vgiffenm1;gX8jH';28;tluneym1@apache.org
vroundingm2;bG76%;62;vcammoilem2@go.com
odemariam3;eI2H;89;jwhitwellm3@gmpg.org
ctisonm4;sR8rNfy{;14;dblountm4@netlog.com
ndorseym5;iV0$;18;bfeighrym5@twitter.com
ljumontm6;nD7a#8;1;fadneym6@sbwire.com
bbarrym7;"qU6y.""i$";30;bfurym7@vimeo.com
jbeekmannm8;mB6943v4;85;ldemullettm8@issuu.com
aloosemorem9;cB6>IYg7;31;smeadowsm9@gov.uk
lbandema;aK2*u;92;cohowbanema@home.pl
sisonmb;eH9|0/;60;hmoreingmb@nih.gov
dpawlikmc;"mU6""tu";75;tshalcrosmc@ft.com
awimmsmd;aD806;58;lmccreemd@desdev.cn
jgoodsirme;iM0z'Nr;80;aromaome@seattletimes.com
adefreynemf;rO9'=4;28;lhinkesmf@reverbnation.com
jhackingemg;bJ1Xy`;2;kpopleymg@exblog.jp
astobbartmh;wJ3lf%;13;emichellmh@shop-pro.jp
pphippmi;hZ4|p}bp;86;ecasami@usa.gov
sdullingmj;"iR4_Q!B""";78;phampemj@ed.gov
glemmertzmk;"nI2""wth";96;kmartinellimk@state.tx.us
dscarreml;qE4y$l;75;frufflesml@un.org
hjanochmm;aL4oU;28;ejantelmm@miitbeian.gov.cn
mtremblemn;rG4b3;54;abettmn@tripod.com
wdoggerellmo;dL62Ox;65;ktelezhkinmo@youtu.be
goxtonmp;vG02;16;dgraviemp@dagondesign.com
bmoyersmq;"lV9'""?";47;bdomenicimq@topsy.com
dtriggmr;cJ11!P03;85;sgoforthmr@smh.com.au
kpedlarms;dW9NR@mx;67;mlaffertyms@weather.com
vgirkinsmt;qW5DOY;38;lfurlongmt@samsung.com
cpeagrimmu;pX7gm,CG;77;jelsemu@phpbb.com
gbroschmv;nB6=F;9;mgartenfeldmv@newsvine.com
dklousnermw;mI55Y;34;cbolesworthmw@answers.com
ogrellismx;gN51;88;dlimbmx@sun.com
rgiottinimy;xB2Y;62;sservermy@xing.com
jmccutheonmz;vP4.W;75;bgrishakovmz@admin.ch
bhaimesn0;gV6H;78;cadmansn0@csmonitor.com
jdevitan1;"xD74\""1";86;cgillonn1@mlb.com
rmathen2;tM9x@6;7;sdeblasen2@simplemachines.org
kmaddoxn3;iA4Py;67;sornelasn3@ucla.edu
aperviewn4;rI5)AarV;62;hjurgenn4@wikipedia.org
cpehrssonn5;zK1x/;76;fguillainn5@google.fr
cfernelyn6;cZ76@;21;ssolwayn6@ihg.com
cmedleyn7;mL5t<t;67;scroxonn7@youtu.be
afieldenn8;fM6$a2x;85;qshieln8@eepurl.com
fnewhousen9;jD4z;65;qdemarian9@list-manage.com
sbroughna;aG9$eq;34;metuckna@livejournal.com
dfencottnb;jE7S;67;nwoodhallnb@opera.com
rdominiquenc;rD8,XrC;90;tromanellinc@typepad.com
tmcguirend;hO1j;45;tdomengend@desdev.cn
npurbrickne;gO0AErG;78;zgillyettne@answers.com
mvanderkruinf;hA9<wY;73;dgreenhousenf@usgs.gov
epooleyng;eS6x;74;sdedenhamng@army.mil
bticknernh;mJ3q;42;oleetenh@cmu.edu
gpesselni;yF6G;69;lkachni@wunderground.com
ballnattnj;sJ68;80;gjuettnj@ebay.com
smolesworthnk;kJ5+C;13;hmacallesternk@hubpages.com
btissellnl;qI7.+t{i;21;lmcneillynl@latimes.com
nstubbinsnm;uC8Xc;98;flabarrenm@webs.com
dbleasdalenn;rR1I'/)P;9;jwilkensonnn@ezinearticles.com
hhandsheartno;zL3H<%;10;rfrimanno@berkeley.edu
afeldmannnp;lI9S%;46;gmauldennp@etsy.com
nstearnq;uR9u#|9f;95;cmacquarrienq@imgur.com
hshacklenr;aA6h.Oz9;14;fborgesnr@devhub.com
lkibbelns;wT1BP>1;44;cdodellns@samsung.com
jbilbeynt;pM6o5q;13;droynt@stumbleupon.com
mbuchamnu;hM0yu;34;gmackriellnu@mysql.com
obroggininv;gS8yMv;78;asebrightnv@com.com
saldcornnw;xA8WAo5.;68;tcannavannw@buzzfeed.com
ppoachernx;rQ21Omw;5;ecoupernx@studiopress.com
ddewolfeny;uT3+};9;jbarouxny@foxnews.com
nlearoydnz;kE6tn?q;33;kmccreanz@angelfire.com
mhanbyo0;"dJ1""j_\";16;jchancelloro0@ocn.ne.jp
hskelbecko1;vQ6OK9;8;sgollino1@feedburner.com
frogeto2;iH7RG*e*;74;mgrisewoodo2@jigsy.com
pkolodziejo3;gG7<;69;lruberto3@gmpg.org
kbraxtono4;rS3CG;44;rhowcrofto4@irs.gov
dbrasenero5;zQ9W#;69;cmorriartyo5@usatoday.com
etallboyo6;vO2#b;74;gsircombeo6@census.gov
gomondo7;vG9L5&Hz;22;bghelerdinio7@unblog.fr
hpedrazzio8;jW1uS8hp;5;bjobino8@nbcnews.com
shuckelo9;xO9'P;21;jwardhougho9@umich.edu
gjerwoodoa;aH0G(;55;dnewburyoa@microsoft.com
kcogmanob;zY0u;57;dtwomeyob@bing.com
nmulvihilloc;pX8GB;30;mpaishoc@google.com
lreubenod;cD3G;76;agrubbod@bloomberg.com
jgeogheganoe;uQ1'd;22;lkintzeloe@pcworld.com
mohoeyof;gA8jA2;9;mvedyaevof@gmpg.org
kbriscamog;iQ9,ubH;90;dazamog@youtube.com
gdiveroh;lF9$/a;38;lgibbingsoh@redcross.org
vroafoi;hW7HtGrn;40;ewolstencroftoi@cbc.ca
jjehaesoj;nU7Ooa;95;rshillaberoj@si.edu
cgarlingeok;sS7P;92;sclewerok@webnode.com
khuginol;eP8QQ})W;83;lbacksol@japanpost.jp
hsmewinom;mP9bq;76;ddonnerom@mac.com
mgaynesfordon;iM3vZ~;48;rhakonsenon@nature.com
okordasoo;aW66?;61;llovemoreoo@meetup.com
cmouseop;uV8u@$;7;lhilleyop@ustream.tv
mdavidssonoq;iH0EX;5;astansalloq@ed.gov
caiskovitchor;pR7PT;88;smearnsor@mysql.com
akrauzeos;gU9bl&M;10;rjonesos@amazon.co.uk
caldertonot;yR9M1;60;ctownrowot@xing.com
rreglerou;eB3it;63;sbalassiou@prnewswire.com
kpoulglaisov;gX1gNk;41;chakeov@noaa.gov
bboathow;xG9bh|Y;19;pablesonow@facebook.com
wbynertox;pU7jI;29;glabbetox@patch.com
blettoy;gN5Ig;88;lbuttonoy@cam.ac.uk
kwinsparoz;uR71vG;22;tanderschoz@si.edu
hcrusep0;vO2N%%;35;sheatleyp0@123-reg.co.uk
dhaestierp1;sM4\rUcT;24;cbrabbanp1@salon.com
randerp2;dG7nPfBr;55;sscoldingp2@shop-pro.jp
amincinip3;zA5ix;44;jgrimsellp3@delicious.com
eborthep4;aL9h;91;gcourtoisp4@rediff.com
ttamsettp5;dN5dIU(;99;wkarelp5@about.com
mmacvainp6;oM6OiR$;71;teratp6@gravatar.com
ceratp7;pB6KG;91;mkabschp7@1und1.de
diannittip8;rG7BpcR;45;eeastmondp8@timesonline.co.uk
krainp9;fU2A8O%;19;nmcivorp9@craigslist.org
cmusgrovepa;zO7O7SOg;34;aswannackpa@yolasite.com
mmartignonipb;gB4TM2,t;41;kpouldenpb@pagesperso-orange.fr
creesepc;xN7MdO;12;qgodwynpc@google.fr
mmccrohonpd;mF6,;63;kwynrehamepd@mtv.com
gpogsonpe;xT21R12;29;aburchettpe@naver.com
cvivienpf;cY9Sx!;51;dluffpf@1688.com
cteaseypg;uN7i@;1;stwiddellpg@artisteer.com
emaggsph;qX2%W;51;tmackimmieph@illinois.edu
rmcveaghpi;wW8Z.;2;pnewsonpi@chronoengine.com
fmadginpj;kQ3|Bj;96;blinnpj@pen.io
mbirdfieldpk;pZ04!/o;35;cmorridpk@elegantthemes.com
inoweakpl;lV8J2V;100;cprobetpl@lulu.com
jseiterpm;cI2#NK;64;smelsompm@topsy.com
mchimespn;wD4H);40;abelzpn@cnet.com
amacelanepo;bU3RqkM&;88;jsegeswoethpo@domainmarket.com
kclymapp;cS8+);17;lyegoshinpp@yellowpages.com
dclisspq;pR0~5;86;ptolerpq@phoca.cz
jkleinsingerpr;tX0G;96;lmanispr@dropbox.com
lrodieps;pM9V>eG;5;mcrissilps@vkontakte.ru
bbriattpt;zO7B`;9;smcmeekanpt@sakura.ne.jp
bludlpu;aV8~;39;vambrosettipu@bizjournals.com
kgarmspv;mX318\;89;apeschetpv@google.com.au
eessbergerpw;jP4(82Ui;50;bnurnypw@archive.org
gmcgeepx;eL7aIaJ;100;dpetrashkovpx@psu.edu
vsterrickpy;xC0rG6ia;14;gkeattchpy@theatlantic.com
gbarkpz;vM0_;47;ejedrzejkiewiczpz@alibaba.com
jrubbensq0;zN3VF\};51;ltrattlesq0@seattletimes.com
ddurnillq1;pC8VY;22;rkeriq1@plala.or.jp
cmallyaq2;jR9%B7;3;dsheircliffeq2@bizjournals.com
bashwellq3;rO2X`;70;kosbaldestonq3@nymag.com
daltiq4;bV8{O...;68;acockremq4@opensource.org
caudibertq5;vZ5?aV4@;38;gcaulliereq5@squidoo.com
khorbartq6;sI91;88;gpugheq6@reuters.com
bbrobakq7;kC8*t%;21;adybaldq7@wikimedia.org
achatainq8;iV0*mu;29;rtuminiq8@mozilla.com
aeuesdenq9;zJ1VTWe;69;mkolakowskiq9@upenn.edu
rinsleyqa;lI5ZA)Cu;30;cfranzonettiqa@domainmarket.com
fyuryevqb;dI9wAb#\;83;kcoatsqb@webs.com
messlemontqc;jZ8B;30;aruzicqc@examiner.com
gholdeqd;bR2OK;56;wcrillyqd@a8.net
thonackqe;yV5Yb;8;jreinbachqe@so-net.ne.jp
rcaplinqf;nP5{C;76;sdaborneqf@sogou.com
fraysqg;jH6OT;23;aparrinqg@mapy.cz
ecafferkyqh;sG8UsY;3;pkeeganqh@who.int
adeortegaqi;nY3u;88;sreekenqi@posterous.com
rdestoopqj;qC8<Wwrr;33;rbothaqj@cisco.com
jmatisseqk;yJ14g3;86;astedallqk@uiuc.edu
cchecklinql;kZ3.w22D;9;ftulkql@google.cn
wcolthardqm;sM3HGk5;62;mjaniszewskiqm@ca.gov
rscatchardqn;pE8<b_;47;jlowlesqn@unc.edu
vfeldererqo;dL1tMAz;15;soscollainqo@ftc.gov
kpoulettqp;zJ0ef3;66;zbootesqp@php.net
enasonqq;sO70&u{I;40;hupsaleqq@indiatimes.com
ematisoffqr;yO9D)6;43;aramasqr@fotki.com
hnotmanqs;"iP3B""a3";10;gcornfordqs@tinyurl.com
rshenfishqt;oV56VNd;30;tkemmeyqt@reverbnation.com
tlacroutzqu;uX0xNSvH;88;mbartletqu@epa.gov
estaubynqv;vK4\p{K};32;mdeversqv@wikipedia.org
icarterqw;xO9z;7;spietrowiczqw@accuweather.com
mrasellesqx;aW1`ecSC;80;hbourtoumieuxqx@harvard.edu
clukacsqy;qV2s{b#;65;sdouglassqy@nba.com
candriveauxqz;tU9R3;58;rgarleeqz@netscape.com
aforryanr0;uX63aox;91;hmehewr0@symantec.com
cgribbonr1;fR9r9VI';5;hkeepingr1@mapy.cz
ebewshawr2;tB47a8%;9;pdalemanr2@newyorker.com
esoror3;uP4F;67;ajaggr3@nyu.edu
cnapoleoner4;aQ7grJ%,;25;aguytonr4@hostgator.com
rmacgillivrayr5;uD7)Cw;61;rpowdrellr5@timesonline.co.uk
mbuntonr6;dM5JL{qY;42;dcroyr6@examiner.com
imckallr7;"tX1x""XFL";33;otyresr7@yandex.ru
esigarsr8;yY5!E;45;mohartaganr8@blogspot.com
jteacyr9;xJ8|_;33;pcarswellr9@google.pl
ggronowera;kM0CrE;75;scheatlera@gmpg.org
vcatletterb;qD6nF;18;thellwichrb@microsoft.com
ljunkinsonrc;sN4wyZ|;75;opountneyrc@squidoo.com
skinchinrd;pR10W#`;40;wbetancourtrd@fema.gov
bbarleyre;vA8z;92;dtrayesre@icq.com
gantosikrf;lQ53;65;efolkertsrf@mysql.com
cmcginlyrg;gL9i#{S;94;jbarlthroprg@sciencedaily.com
tissonrh;zY1O*;50;rbreederrh@goo.ne.jp
bmacrorieri;aF1!C+;0;bdareri@globo.com
smcgallrj;zK0+0A}h;19;avenartrj@wisc.edu
mtarttrk;xX20R*?;84;egrinsteadrk@hc360.com
oiacavonerl;tN1j$;12;kclamperl@prlog.org
fdignumrm;xQ6uEw;22;noswickrm@weibo.com
bdudmanrn;aG1Q}Wb;29;mmerguern@cbc.ca
tburchfieldro;aC1+Hlg>;91;jcivitilloro@tinypic.com
ckellerp;iP1r;58;anelsenrp@google.com
aperduerq;oY9\g;39;rleipnikrq@reverbnation.com
eitzkovitchrr;zI1#T~#;82;clichfieldrr@cbslocal.com
